Number,Photo,Score
1,7IoFYt3QOYZYbh6GVKec7fj3yG7nQZ1T.png,1000
2,eHq8qgJH0JYdmEKaMgvYTvctANCj8dJR.png,1000
3,ELNubpynQZrqcpK8AAh7IgiKhffxw7xw.png,1000
4,eLPicXGNHQYB9belrvcNYUApnQdgmDDz.png,1000
5,iESPU5rjdDTcAFDvSuPbuEcPYW8JHBG5.png,1000
6,jggMKa0yODTMQR4CxPFVdh8eCsPL2h13.png,1000
7,MWhzBmAtSfrPLLoRxZzkjg0ChtO8BtBS.png,1000
8,ozbAUo3FrPL4Q9AsYhbU222YBVDxPV69.png,1000
9,PfAthOeN6gUzjz4ajYIPaAuL7veI3S8o.png,1000
10,PkDAhCgBjVEYuuHKHQSUiAMxS1TOq3s8.png,1000
11,SmF2xmRJPIMTvHsxX51Um6AGnKLxwYgr.png,1000
12,UIXiDGvyuOUB4GEaSdiQQvllukn0DtBU.png,1000
13,UlUDRWDKWWnH8OXBReTXieuvCHLIKADg.png,1000
14,vFH18HCzoQATDkL04CvK383Kae4M6p7H.png,1000
15,VgIgbA94m0CeGlnhYI0NjQwvdtV0DU1T.png,1000
16,VPK7DXRLeNoEEdz3fh1OsHz7zGAa7Zpy.png,1000
17,X3d9AFAM6BTW2azHFMxMajGYJclnQ6M9.png,1000
18,0N04Rf0G82tz0rfCkgqxtiT9aRYKm37B.jpg,1000
19,0Qnp5TKnLs0PVtm6b7p0ZDETGe12Vo5f.jpg,1000
20,2ejt38vEmC7tKkd0niFll7q4zQWKllkN.jpg,1000
21,2gZsfuibe2G9cd1lYrT3yLeeHPydjBH5.jpg,1000
22,2Mqdqn7Jssg3sQemMxEUwF3E470hfrnd.jpg,1000
23,3SiOOKcVWGhAm2w1vzsmhEN5S2kMIQxr.jpg,1000
24,5HVoLGiLIf4XbpPIsKedKklhBs6wyXfd.jpg,1000
25,6rzVgmCcygcxr6wsfNhGBT3K42L5imzF.jpg,1000
26,7R2Z72oM32G33ngXzTlKWZtfmC8995wE.jpg,1000
27,ABRfEFBi4RZABjdP2AJvqdRCq5QbsRMi.jpg,1005
28,b7DN0bYy7TX7H0rZkvJEyQmJqVM3hGpY.jpg,1000
29,BcvYiOMJY1Cmh8UxTmq9pxhiFiSTPB6m.jpg,1000
30,Bx2lHpDvpz3a3FOowr164DyRzwNsnNph (1).jpg,1000
31,bXj0oJ0AWYzVoZizaXsBTlt8aRNgSthb.jpg,1000
32,cKNEWdJWSpvOKcfgH3jjKBwz3hXY1n0f.jpg,1000
33,CtebQTsz3AgZsy0eeTV99o94nN5q2HWl.jpg,995
34,DNbNyOu6jn7eluVMQJBH8ZurNH4q5p2H.jpg,1000
35,E9SDG4qo6rprODd98mB6ZyuGoaUCIY4Q.jpg,1000
36,eNzn7TEzRIHimRELMwLVsmmA5dPLoItL.jpg,1000
37,faRUZzbc5EE88xpTUonP7zs8KtYDRLoj (1).jpg,1000
38,fuH5V5gM8oZY9jpldxOjXNrBUxTMNizn.jpg,1000
39,GrHCuiRdIlxf3W2a9WoQQdc52DM04Jhk.jpg,1000
40,H5TNVG0E2ClWOh8akydczWjYdn3AXFFT.jpg,1000
41,Hqun4XxmIDYgsGqY60MNpJZ8iccDYDaB.jpg,1005
42,HxN6oasRJLwVne1QWL6x1HSusYkqLWTH.jpg,1000
43,Ij9s3RyV0cx0OWgfrqx6buc07BL5BYAb.jpg,1000
44,iklU03oqk0P9xzaI2CA7dBUWF9ZC1fsk.jpg,1000
45,iMwXjfv6OZRdqk36QufOUdQ7SJYjfOCH.jpg,1000
46,JBdi5nHxVuGC5mi6MqS6ivhLtAgMaegj.jpg,1000
47,jbMJBEJObTobZfWreu7GnlZiVteta2mk.jpg,1000
48,KDPHPebQCUJgjd4yAxZ0SCzXkyYs3pyf.jpg,1000
49,kEEuegiX1JBmNnU1gZi70OUEPSHuNhKI.jpg,1000
50,kKTum2lUWoFl3F741EIusHPi4ZJJhjzP.jpg,1000
51,kMNw4TWnbjZ0iqtThwglAMNNuZw5yC4Z.jpg,1000
52,KOb8lU7lkWWIARFrlTmMQXj8kPdJhZIJ.jpg,1000
53,LbKeni5x5fwE1bEWnO1FNTM8FxxgCSAq.jpg,1000
54,MJIDUYpfizzvbPPQyWSUraccTMTfcWz1.jpg,1000
55,MPYlpbNYhSaxXjPErJLqFwaqJEoeTsvS.jpg,1000
56,NhgZ2OmMM4evx9LBKshN9VsfSMKeXhYH.jpg,1000
57,njps5wRNumGrQK6W8Exp46ubdYXxj6wu.jpg,1000
58,nsD2aGqHBwbd4Onzqvry71AHg2IrwwNt.jpg,1000
59,nye4G3Wx6N665V1F6NWnKrCYba1FJfVY.jpg,1000
60,Om4WmPTGri2tGuk5gDdm3IfraykBD9Av.jpg,1000
61,oPI74oI7YGTbtY3w6wFXfMt8IJJVLfH3.jpg,1000
62,P85oSzWAsokmabSp6hc1nMN23f9Evga0.jpg,1000
63,p9WWQgqAGqqTbt6V82Btnu8hPtzfPVGO.jpg,1005
64,pG8nx8RWXwAtPb6qUA5KuHBlNsNPpKu5.jpg,1000
65,phtmhK3yJuKUnAZjNjrm1fKSUTJ0S5Rm.jpg,1000
66,pJ6BkccxjlosGGRXgKSxHJBJWI0jDQjZ.jpg,1000
67,Po4nUuanqPGkRcPdYlViWLkShfHDwQFx.jpg,1000
68,PPpP8QOiQgsnDFCgav3wRiENZRRrCUfH.jpg,1000
69,r4TYgJ6tzWMEyV1ma3Y6PtlU4AGhxvtr.jpg,1000
70,R5FCIAeSjfXxcUz1u26gkkpDNU3PE3OI.jpg,1000
71,r8Vn6fqF8RIl85MebNlsyOYX87CtZAeO.jpg,1000
72,rvy6GWD6hsGOwvkofLbGgfDs0ODxqFKW.jpg,1000
73,RW7TQr07WeP0ZTXDNAeA5kxCfVccn7vL.jpg,1000
74,s4RUal0bmqZZ4HJ4jpNv2Awi1hDQLaDg.jpg,1000
75,SuUeo8JhU25ceysUPJbcL3EBO2J5vcVd.jpg,1000
76,SWuwqlAGQX27nCsYtJz4fnrkURkB85HM.jpg,1000
77,TaLcq0ZbvIjxZzu8cLhayuMp1plMA7P3.jpg,1000
78,TGrHq3krjzFRIHWjLk4az0HrHuMmpjsr.jpg,1000
79,TH39QOa7pDh8yemBariB8ABWxHOl5VVo.jpg,1000
80,tLtEssEDKzxfwkLlItK8HxHelM54DUHb.jpg,1000
81,UUk2137c8goUBQFpN7oqBBQtxVKh4TxT (1).jpg,1000
82,VWTxd5ANTl8MfwQ33XovExLsqrCSRye6.jpg,1000
83,WUR3kiqKRxEcSJOk4TItg1onuEgMv96b.jpg,1000
84,wyG3yr495F2qFIIKowdMi3ocZT8eV6aj.jpg,1000
85,xAW3rFqZasTLeBqVyVlpEVtWSHSCzUas.jpg,1000
86,y3XYmrODoqlzP9wXJPQQBpsor3Zx6xhI.jpg,1000
87,YaUoa1QlQfD8ttd9iQfaOkhaJzAd2PIW.jpg,1000
88,z3DeMz7253vMtaj5QIqVGbqffmsn73Dt.jpg,1000
89,ZyE8lySkS1dn14MUiNejDMKcMkdWPh0N.jpg,1000
90,2mSxVcsCpCACiKTpnOmll8fpU4gPErJx.jpeg,1000
91,6WWXjuimfTheel5eMVeT9Uy8kGBevYmf.jpeg,1000
92,7DyoilMdc7UdYhSwwk46RxYTwXBBvMRN.jpeg,1000
93,BJ1K1lQd50EP2Aqa7USQZaSfIPhUSzSB.jpeg,1000
94,CKoy7YyVJ64mU060hdm27JCyWOAKTH5H.jpeg,1000
95,CTFADOPvMqKrL59gZaRZIC9Gx0UDBHTp.jpeg,1000
96,CvTlvWrhsmo8zjZEKB9AlzDP7jC1hBko.jpeg,1000
97,D0YeOTt4UDBOCAtgXsfPLUPlIYEPDh9w.jpeg,1000
98,DKKf6dmEjX7pqGJwwK92b13S7tcyEF54.jpeg,1000
99,E0ijY28O2INHW859pORZ4xHCfyKPU5wY.jpeg,1000
100,etkML0cSpasvp5lkIWo70nxCVRr8uhzd.jpeg,1000
101,EZ2pruTslLPI71e6XPzwpeUgWmCIkdJt.jpeg,1000
102,FbFSBZmElpWaC499DKQm79GwYe8VJJs8.jpeg,1000
103,FybtADNrdVMBe3wR8MwfORRKvSzFx2TP.jpeg,1000
104,gLAOY1WrLkIvQ2uY6F9wmtGNq4RuYycQ.jpeg,1000
105,JXUdeoOgOzKI4huFavN8UiObXgL8PKPd.jpeg,1000
106,KD0I8louN6rGz2wNzJRRAGsvWcUtej2N.jpeg,1000
107,kQHANT7IKpYbrq61N55KNgsKJyIwQ0cj.jpeg,1000
108,lEDAaVoaxzTxAKClxJH2hLdMWHWtdAm6.jpeg,995
109,lknYRAwN0vQQ97BlUzRKIQEgZl0EJjkZ.jpeg,1000
110,lzxzFweqYgyIgZRcoOn1B1knInNqXE2H.jpeg,1000
111,Ms4InA0ng1mRC8MeNLmDn56aYiqYTUlV.jpeg,1000
112,MweDgZAqtwLJhbxMsP5KlshPhXlageZd.jpeg,1000
113,NhT43IbmIodwcItqedJ90WKmgvQi0K5Y.jpeg,1000
114,OCD78f4wbbYex79ubZcIqDWBQhVgTXEn.jpeg,995
115,oDtZsWvWNTY0H3vY4DbCilfvzLjjTj1L.jpeg,1000
116,Oof1PlPBlLCSrdEaZ72vMVK3tx4kuQep.jpeg,1000
117,orPMb1nAqwPHbNWSN3UBrXlwDn3BMYub.jpeg,1000
118,pgZhXhj01Z0dkdsZSYWU0lhsyrTOENb7.jpeg,1000
119,qRKSTgzUfY38zkA8UHCYp5k7HL488j5W.jpeg,1000
120,Rd5mdZd3stjOXvOl6W3GACMUAZH8YbXt.jpeg,1000
121,smJrgekgAhGD0hmSCnQMis2m6lJYhiGp.jpeg,1000
122,SnMxrWN4UXdNgIij80168GDNsu7ckPPS.jpeg,1000
123,u6GkQuu4pGftGxPXcP03YTXPLAws0UgU.jpeg,1000
124,UnErErIA70UCPCx5sNULAMY7rhEuBPVQ.jpeg,1000
125,V5PWs1SGH8FFASmhCr0IS4JdFUkgQK8X.jpeg,1000
126,vJsIqp2f9b8s9v8QKGMsE332n4jWbYnM.jpeg,1000
127,vN9LdKmRMwBVWubOXKreUCDD5asSNlDs.jpeg,1000
128,vnvD1t7uhnDVZVrB2Biv0oV2exsxHx1d.jpeg,1000
129,VweLfiQOAvn8ZmNokvwjpaaF8C5HSrzT.jpeg,1000
130,XjyPMKPrvta30m8pGZllxMhR19wIrUsx.jpeg,1000
131,xKFBYKAouUMyojRe3Og7BtYOFpZphWUC.jpeg,1000
132,XRJlf8Aj2bAPJ1JGFwj6BL2NeDtWjltH.jpeg,1000
133,eGrZLiJYbcXet8s8DVt9psVs9Q0ZHxyz.jfif,1000
